Name,Guild,Ally Code,Account TZ per swgoh (player reset time zone),GP,Chars GP,Ships GP,Character:Ships,Light side or Dark Side,Hotutils style mod score -- higher is better, aim for 3.0.   ((# of 15-19 Speed 0.8) + (# of 20-24 Speed) + (# of 25+ Speed * 1.6)) / (squadGP / 100,000),DSR Bot style gear score -- higher is better.  Number of (>G12 + G13 + relic / 5) / total gp / 100 000.,LS Toon GP,DS Toon GP,Zetas,Omicrons,Relic Levels,GLs,7*,R5 and higher,G13 and higher,G12 and higher,G10 and higher,Jedi Knight Revan,Darth Revan,Malak,Padme,Genosian Brood Alpha,Wat Tambor,Ki-Adi-Mundi,Shaak Ti,General Skywalker,Rey,Supreme Leader Kylo Ren,Sith Eternal Emperor,Jedi Master Luke Skywalker,Jedi Master Kenobi,Lord Vader,Jabba the Hutt,Leia Organa,Jedi Knight Luke,The Negotiator,Malevolence,Raddus,Finalizer
"ᴀᴇ Squalo",Anarchy Empire,728164266,-8,10815285,6425996,4389289,146,39,454,576,3598295,2819304,269,34,1070,6,315,147,196,213,225,1,1,1,1,1,1,1,1,1,1,1,0,1,1,1,0,1,1,1,1,1,1
"Xyke00",Anarchy Empire,741758278,-5,10625666,6233257,4392409,141,64,208,556,3522595,2690939,240,25,952,4,316,134,182,219,226,1,1,1,1,1,1,1,1,1,0,1,0,1,1,0,0,1,1,1,1,1,1
"Ker9",Anarchy Empire,286231675,6,11179275,6779784,4399491,154,-60,533,590,3616470,3132858,277,38,1101,8,325,151,198,242,244,1,1,1,1,1,1,1,1,1,1,1,1,1,1,1,1,1,1,1,1,1,1
"Chook",Anarchy Empire,239641626,-8,10580383,6286926,4293457,146,22,419,571,3495709,2786561,249,25,962,6,314,125,197,215,222,1,1,1,1,1,1,1,1,1,1,1,1,1,1,0,1,0,1,1,1,1,1
"Brandon",Anarchy Empire,448415163,-4,10032197,6025229,4006968,150,104,301,482,3469270,2544174,253,25,821,6,303,118,147,173,202,1,1,1,1,1,1,1,1,1,1,1,0,1,1,0,1,1,1,1,1,1,1
"Carpㅏ0ㅓ",Anarchy Empire,886118192,-3,11860534,7197832,4662702,154,-14,585,628,3921088,3244686,285,39,1309,8,330,196,228,256,260,1,1,1,1,1,1,1,1,1,1,1,1,1,1,1,1,1,1,1,1,1,1
"Chow Derhead",Anarchy Empire,414558845,-8,11661420,7073048,4588372,154,-20,447,630,3843028,3199536,282,37,1261,8,324,176,229,254,257,1,1,1,1,1,1,1,1,1,1,1,1,1,1,1,1,1,1,1,1,1,1
"MINI Val",Anarchy Empire,162125591,8,9381714,5582125,3799589,146,13,970,606,3093472,2488653,205,16,1020,8,266,147,173,192,199,1,1,1,1,1,1,1,1,1,1,1,1,1,1,1,1,1,1,1,1,1,1
"Gronkeykong",Anarchy Empire,265871635,-5,9884821,5957322,3927499,151,-15,349,491,3247708,2690123,243,34,790,7,299,112,146,182,207,1,1,1,1,1,1,1,1,1,1,1,1,1,1,0,1,1,1,1,1,1,1
"Jono",Anarchy Empire,362131431,-5,10719785,6475416,4244369,152,-22,527,585,3515403,2929901,240,29,1082,7,312,155,195,216,223,1,1,1,1,1,1,1,1,1,1,1,1,1,1,0,1,1,1,1,1,1,1
"JediJoe",Anarchy Empire,768834983,-6,11414184,6918604,4495580,153,-38,478,602,3729591,3158796,269,39,1214,8,327,172,213,232,247,1,1,1,1,1,1,1,1,1,1,1,1,1,1,1,1,1,1,1,1,1,1
"R2",Anarchy Empire,936783478,13,11530365,6916606,4613759,149,-39,580,597,3726839,3159548,284,35,1198,8,328,172,211,238,245,1,1,1,1,1,1,1,1,1,1,1,1,1,1,1,1,1,1,1,1,1,1
"WildNZ",Anarchy Empire,467573881,-10,11936607,7227697,4708910,153,-21,675,631,3925383,3270396,296,37,1354,8,329,201,231,252,256,1,1,1,1,1,1,1,1,1,1,1,1,1,1,1,1,1,1,1,1,1,1
"The Chosen Smurf",Anarchy Empire,224257517,-4,9664050,5534592,4129458,134,49,400,574,3116859,2417733,176,21,1020,6,272,150,168,183,191,1,1,1,1,1,1,1,1,1,1,1,1,1,1,0,0,1,1,1,1,1,1
"Zeb Drauka",Anarchy Empire,799977766,-5,12760008,7853807,4906201,160,19,748,666,4347072,3474094,310,66,1659,8,334,232,252,267,267,1,1,1,1,1,1,1,1,1,1,1,1,1,1,1,1,1,1,1,1,1,1
"Forrest",Anarchy Empire,315694856,-9,12752418,7785776,4966642,156,-19,594,648,4231668,3519371,309,45,1639,8,329,234,242,257,261,1,1,1,1,1,1,1,1,1,1,1,1,1,1,1,1,1,1,1,1,1,1
"Mini Awesome Klassen",Anarchy Empire,255682544,-7,11861349,7243194,4618155,156,-15,328,629,3945292,3267418,298,37,1308,8,330,192,222,263,266,1,1,1,1,1,1,1,1,1,1,1,1,1,1,1,1,1,1,1,1,1,1
"Clefspeare95",Anarchy Empire,618774729,-7,11789216,7143886,4645330,153,43,568,612,3995070,3118533,288,40,1275,8,328,190,218,249,261,1,1,1,1,1,1,1,1,1,1,1,1,1,1,1,1,1,1,1,1,1,1
"Nightman",Anarchy Empire,758317724,-7,10917887,6459664,4458223,144,-6,395,521,3541708,2904836,276,29,956,8,316,135,169,209,227,1,1,1,1,1,1,1,1,1,1,1,1,1,1,1,1,1,1,1,1,1,1
"MINI Lulu",Anarchy Empire,534168449,-5,11040779,6567206,4473573,146,-17,546,576,3581964,2972029,250,35,1073,8,324,145,196,226,230,1,1,1,1,1,1,1,1,1,1,1,1,1,1,1,1,1,1,1,1,1,1
"Muffcrusher88",Anarchy Empire,768525826,11,11226346,6743278,4483068,150,-32,405,559,3643498,3069620,279,27,1038,8,327,153,180,240,249,1,1,1,1,1,1,1,1,1,1,1,1,1,1,1,1,1,1,1,1,1,1
"OpieWanKenobi",Anarchy Empire,992164556,-5,11545817,6946527,4599290,151,1,688,583,3812728,3103532,287,34,1140,8,329,164,201,245,256,1,1,1,1,1,1,1,1,1,1,1,1,1,1,1,1,1,1,1,1,1,1
"DaGovern0r",Anarchy Empire,396467373,-4,12392487,7536074,4856413,155,-10,294,656,4113918,3389803,255,25,1565,8,327,221,240,260,266,1,1,1,1,1,1,1,1,1,1,1,1,1,1,1,1,1,1,1,1,1,1
"MagiCarrot",Anarchy Empire,242276922,7,11689633,7097859,4591774,154,38,349,628,3961482,3106217,289,37,1271,8,326,187,222,259,263,1,1,1,1,1,1,1,1,1,1,1,1,1,1,1,1,1,1,1,1,1,1
"Cmdr Abigor",Anarchy Empire,291937529,-4,11226024,6904529,4321495,159,35,603,624,3848883,3027004,273,32,1109,8,329,147,221,258,258,1,1,1,1,1,1,1,1,1,1,1,1,1,1,1,1,1,1,1,1,1,1
"Von Hammerfell",Anarchy Empire,277576924,10,10666487,6295791,4370696,144,-6,291,596,3442470,2824728,228,32,1052,7,311,148,204,222,232,1,1,1,1,1,1,1,1,1,1,1,1,1,1,0,1,1,1,1,1,1,1
"sнαδοω",Anarchy Empire,216521634,-6,10978413,6588204,4390209,150,-6,311,582,3601841,2955603,261,32,1075,8,315,143,204,220,235,1,1,1,1,1,1,1,1,1,1,1,1,1,1,1,1,1,1,1,1,1,1
"Rag Scrag",Anarchy Empire,721285417,11,11786017,7112704,4673313,152,15,528,610,3929991,3152739,296,38,1228,8,325,169,216,258,265,1,1,1,1,1,1,1,1,1,1,1,1,1,1,1,1,1,1,1,1,1,1
"2B",Anarchy Empire,134874168,-5,11128367,6719540,4408827,152,41,209,574,3754022,2935358,230,24,1113,8,330,150,202,215,238,1,1,1,1,1,1,1,1,1,1,1,1,1,1,1,1,1,1,1,1,1,1
"Nnt",Anarchy Empire,365962172,-9,12080606,7266334,4814272,150,-32,877,637,3939773,3318302,275,39,1447,8,326,201,236,245,248,1,1,1,1,1,1,1,1,1,1,1,1,1,1,1,1,1,1,1,1,1,1
"Koro",Anarchy Empire,167657511,-6,11773640,7153315,4620325,154,-19,482,625,3890137,3234536,288,38,1254,8,329,175,224,262,266,1,1,1,1,1,1,1,1,1,1,1,1,1,1,1,1,1,1,1,1,1,1
"itsmedontusee",Anarchy Empire,561441962,-4,10884956,6428084,4456872,144,-2,636,601,3536744,2890664,227,35,1161,7,307,172,202,220,227,1,1,1,1,1,1,1,1,1,1,1,1,1,1,0,1,1,1,1,1,1,1
"Obi Splits",Anarchy Empire,174716956,8,11622855,7004885,4617970,151,-6,581,618,3831669,3143018,257,33,1256,8,328,184,221,247,257,1,1,1,1,1,1,1,1,1,1,1,1,1,1,1,1,1,1,1,1,1,1
"NYCAFL",Anarchy Empire,111449121,12,11904115,7201488,4702627,153,-41,576,618,3876995,3293980,297,41,1295,8,327,191,222,255,261,1,1,1,1,1,1,1,1,1,1,1,1,1,1,1,1,1,1,1,1,1,1
"The Force is Female",Anarchy Empire,917964799,-9,11862447,7128765,4733682,150,-52,909,599,3817584,3281115,309,43,1283,8,325,193,212,242,248,1,1,1,1,1,1,1,1,1,1,1,1,1,1,1,1,1,1,1,1,1,1
"Max1mus",Anarchy Empire,116664128,-8,12322690,7561592,4761098,158,11,459,711,4170239,3359426,175,49,1742,8,334,244,261,267,267,1,1,1,1,1,1,1,1,1,1,1,1,1,1,1,1,1,1,1,1,1,1
"Œ ailurophile",Anarchy Empire,552692122,7,11822918,7103786,4719132,150,-57,509,601,3795615,3278035,269,39,1219,8,329,176,205,262,266,1,1,1,1,1,1,1,1,1,1,1,1,1,1,1,1,1,1,1,1,1,1
"Malarr",Anarchy Empire,745984536,0,11791727,7007295,4784432,146,-42,518,613,3778793,3214827,276,42,1335,8,327,195,223,234,240,1,1,1,1,1,1,1,1,1,1,1,1,1,1,1,1,1,1,1,1,1,1
"Arvoren",Anarchy Empire,798699297,-3,10689152,6394753,4294399,148,11,588,613,3540090,2853987,241,40,1189,8,311,173,204,214,220,1,1,1,1,1,1,1,1,1,1,1,1,1,1,1,1,1,1,1,1,1,1
"GrantAzure",Anarchy Empire,238684194,2,11361008,6775844,4585164,147,-80,550,617,3581292,3164438,265,33,1268,8,322,171,219,229,237,1,1,1,1,1,1,1,1,1,1,1,1,1,1,1,1,1,1,1,1,1,1
"Orphion",Anarchy Empire,661522355,-11,11700234,7060317,4639917,152,46,572,640,3954137,3075946,272,37,1324,8,326,198,229,256,261,1,1,1,1,1,1,1,1,1,1,1,1,1,1,1,1,1,1,1,1,1,1
"Därth Bënji",Anarchy Empire,524218147,-8,11788565,7112924,4675641,152,-62,637,600,3790716,3290087,303,39,1285,8,327,183,218,233,247,1,1,1,1,1,1,1,1,1,1,1,1,1,1,1,1,1,1,1,1,1,1
"Salmonrun",Anarchy Empire,661353196,-3,10915132,6583231,4331901,151,25,352,547,3658275,2906697,280,33,1007,8,319,147,171,225,236,1,1,1,1,1,1,1,1,1,1,1,1,1,1,1,1,1,1,1,1,1,1
"Spaceball 1",Anarchy Empire,646519512,12,11170669,6744545,4426124,152,-71,810,622,3580147,3134127,284,37,1255,8,307,185,214,230,235,1,1,1,1,1,1,1,1,1,1,1,1,1,1,1,1,1,1,1,1,1,1
"El Cid Campeador",Anarchy Empire,864432526,-4,11754949,7124477,4630472,153,-13,302,614,3882496,3209827,292,45,1278,8,329,175,224,243,254,1,1,1,1,1,1,1,1,1,1,1,1,1,1,1,1,1,1,1,1,1,1
"Vbpastyle",Anarchy Empire,425392364,-5,11220460,6764395,4456065,151,1,371,564,3716866,3026112,283,35,1023,8,326,134,189,240,252,1,1,1,1,1,1,1,1,1,1,1,1,1,1,1,1,1,1,1,1,1,1
"BADLEY",Anarchy Empire,489116619,-5,12549180,7659243,4889937,156,-30,269,662,4144793,3482211,302,45,1614,8,324,234,251,258,265,1,1,1,1,1,1,1,1,1,1,1,1,1,1,1,1,1,1,1,1,1,1
"Ursus",Anarchy Empire,543382798,0,12132899,7457050,4675849,159,50,320,679,4184704,3241829,240,27,1528,8,334,215,252,267,267,1,1,1,1,1,1,1,1,1,1,1,1,1,1,1,1,1,1,1,1,1,1
"Upgreyd",Knights of Round,564121831,-1,10145636,6179913,3965723,155,42,446,543,3452791,2697055,217,33,915,5,312,135,168,200,222,1,1,1,1,1,1,1,1,1,1,0,1,1,1,0,1,0,1,1,1,1,1
"Krupten",Knights of Round,427459795,-6,8778756,5121910,3656846,140,-238,286,521,2519852,2602058,221,22,775,6,270,115,142,161,181,1,1,1,1,1,1,1,1,1,1,1,1,0,1,1,1,0,1,1,1,1,1
"Drcct",Knights of Round,539764381,-7,9051432,5276840,3774592,139,73,162,456,3000490,2272090,229,11,600,3,274,91,118,175,189,1,1,1,1,1,1,1,1,1,1,1,0,1,0,0,0,0,1,1,1,1,1
"Tzoid",Knights of Round,764254651,-4,8922960,5351756,3571204,149,-169,99,483,2721555,2627038,230,20,665,6,280,96,134,164,188,1,1,1,1,1,1,1,1,1,0,1,1,1,1,1,1,0,1,1,1,0,1
"bellojack",Knights of Round,664471259,-5,8169846,5169985,2999861,172,44,95,495,2903276,2263172,213,6,656,7,265,90,123,151,171,1,1,1,1,1,1,0,1,1,1,1,1,1,1,1,1,0,1,1,0,1,1
"This Is The Way",Knights of Round,582538533,-10,9405814,5709890,3695924,154,-16,422,546,3120518,2585775,232,25,911,6,280,141,156,176,182,1,0,0,1,1,1,1,1,1,0,0,1,1,1,1,1,1,1,1,1,0,1
"Sutti",Knights of Round,363928881,-5,10444218,6306775,4137443,152,-113,226,541,3281237,2996716,242,27,964,8,308,144,171,202,221,1,1,1,1,1,1,1,1,1,1,1,1,1,1,1,1,1,1,1,1,1,1
"LordJarJar",Knights of Round,268221268,0,9344749,5507984,3836765,143,-116,233,526,2874788,2630546,182,23,793,5,283,113,144,189,210,1,1,1,1,1,1,1,1,1,0,1,1,1,1,1,0,0,1,1,1,1,1
"Juan Quenovi",Knights of Round,476671372,1,9666751,5676659,3990092,142,-1,512,546,3125329,2550306,221,28,851,5,291,130,161,197,207,1,1,1,1,1,1,1,1,1,1,1,1,1,1,0,0,0,1,1,1,1,1
"Lala",Knights of Round,235129274,-5,9336774,5676236,3660538,155,-41,84,514,3066234,2606204,234,21,729,6,291,104,145,190,203,1,1,1,1,1,1,1,1,1,0,1,0,1,1,1,1,1,1,1,1,1,1
"Esaascar",Knights of Round,478314836,-10,9856077,5877779,3978298,147,0,280,524,3221328,2626432,237,25,769,5,296,105,162,201,214,1,1,1,1,1,1,1,1,1,1,1,0,1,1,0,1,0,1,1,1,1,1
"TorenCalduris",Knights of Round,486623434,-4,9863827,6048019,3815808,158,-4,480,532,3314116,2713796,239,27,807,5,303,112,148,216,221,1,1,1,1,1,1,1,1,1,0,0,1,0,1,1,1,1,1,1,1,1,1
"Btr Nut",Knights of Round,236412553,-5,9706971,5905480,3801491,155,93,138,515,3374714,2504173,242,29,638,4,291,79,141,232,244,1,1,1,1,1,1,1,1,1,1,1,0,1,1,0,0,0,1,1,1,1,1
"MINI MetalPrawn",Knights of Round,619735683,-5,7963838,4531615,3432223,132,-48,237,514,2441331,2089608,140,12,620,4,253,79,135,151,162,1,1,1,1,1,1,1,1,1,1,1,1,1,0,0,0,0,1,1,1,1,1
"Resmi Hardin",Knights of Round,431353962,-5,8945335,5342770,3602565,148,38,164,461,2986422,2341068,201,21,445,1,294,38,114,210,218,1,1,1,1,1,1,1,1,1,0,0,0,0,0,0,1,0,1,1,1,1,1
"Jollyrogercjf",Knights of Round,497215141,-5,8690831,5194631,3496200,148,0,226,473,2845070,2317151,174,21,629,6,293,93,124,162,178,1,1,1,1,1,1,1,1,1,1,1,1,1,1,0,1,0,1,1,1,1,1
"Jameg",Knights of Round,357873854,-6,9640304,5530845,4109459,134,63,262,476,3128195,2391846,205,26,769,5,292,111,139,167,178,1,1,1,1,1,1,1,1,1,1,1,1,1,1,0,0,0,1,1,1,1,1
"DarthToren",Knights of Round,623628757,-5,9071687,5410491,3661196,147,-119,494,486,2820431,2590060,216,22,703,4,293,98,130,171,186,1,1,1,1,1,1,1,1,1,0,1,0,1,1,0,1,0,1,1,1,0,1
"Michl Johso",Knights of Round,187668216,-5,9341684,5828695,3512989,165,-68,231,512,3106896,2712591,239,26,793,6,268,111,142,178,207,1,1,1,1,1,1,1,1,1,0,1,1,1,1,1,1,0,1,1,1,0,1
"Recon Patrol",Knights of Round,221828491,-4,8310778,4812486,3498292,137,-98,117,417,2518687,2265157,182,21,579,4,253,80,110,121,141,1,1,1,1,1,1,1,1,1,0,1,1,1,1,0,0,0,1,1,1,0,1
"Hadriel Jetberg",Knights of Round,656841941,-3,9451748,5454077,3997671,136,-65,440,492,2916635,2537442,222,25,674,5,285,88,144,187,205,1,1,1,1,1,1,1,1,1,1,1,1,0,1,0,1,0,1,1,1,1,1
"Beserk Badger",Knights of Round,738665898,-4,8512367,5285652,3226715,163,44,125,470,2967544,2313181,208,19,649,5,270,95,118,153,172,1,1,1,1,1,1,0,1,1,0,0,1,1,1,1,1,0,1,1,1,1,0
"Surfswithaliens",Knights of Round,336411921,-2,9429951,5615112,3814839,147,62,272,477,3174447,2430032,173,25,673,6,282,101,120,196,215,1,1,1,1,1,1,0,1,1,1,1,0,1,1,0,1,1,1,1,1,1,1
"Jackie Daytona",Knights of Round,495695596,-4,10039948,5899941,4140007,142,-55,269,520,3168002,2729422,252,27,896,8,315,122,161,182,195,1,1,1,1,1,1,1,1,1,1,1,1,1,1,1,1,1,1,1,1,1,1
"TwistyNuB",Knights of Round,497555437,-6,11331310,6832054,4499256,151,-18,213,570,3722554,3092849,273,50,1172,7,324,167,192,220,248,1,1,1,1,1,1,1,1,1,1,1,1,1,1,1,1,0,1,1,1,1,1
"Cathbad333",Knights of Round,458163314,-4,6647725,4004305,2643420,151,-38,74,333,2163547,1832886,176,12,288,2,261,35,66,98,109,1,1,1,1,1,1,1,1,1,0,1,0,0,1,0,0,0,1,1,1,0,1
"DarthThanos",Knights of Round,297469325,-4,8399105,5067466,3331639,152,74,196,549,2883912,2182540,179,26,731,6,275,102,146,169,181,1,1,1,1,1,1,0,1,1,1,1,1,1,1,0,0,1,1,1,1,1,1
"Vin",Knights of Round,435563797,10,9499181,5697297,3801884,149,11,329,536,3138696,2529491,236,10,809,7,300,110,159,189,198,1,1,1,1,1,1,1,1,1,1,1,1,1,1,0,1,1,1,1,1,1,1
"KingZach",Knights of Round,695634865,-4,9885783,5939339,3946444,150,116,297,555,3443258,2495394,234,19,874,7,298,124,168,206,214,1,1,1,1,1,1,1,1,1,1,1,0,1,1,1,1,1,1,1,1,1,1
"Soupyzales",Knights of Round,888783572,-5,9552902,6054879,3498023,173,14,249,562,3340140,2682875,260,21,866,6,283,122,159,205,223,1,1,1,1,1,1,1,1,1,0,0,1,1,1,1,1,1,1,1,1,0,1
"Tcheu",Knights of Round,849334897,-6,9175936,5365394,3810542,140,203,264,553,3211764,2127443,209,23,838,5,279,125,162,178,188,1,1,1,1,1,1,1,1,1,1,1,0,1,1,0,0,1,1,1,1,1,1
"The High Ground",Knights of Round,788859343,0,7539522,4465792,3073730,145,135,167,411,2605567,1852458,163,10,485,5,271,67,97,116,134,1,1,1,1,1,1,1,1,1,1,1,0,1,1,0,1,0,1,1,0,1,1
"Demaio",Knights of Round,531828666,-8,8118286,5080984,3037302,167,85,155,495,2905902,2174406,225,18,647,6,256,91,127,146,164,1,1,1,1,1,1,1,1,1,1,1,1,1,1,0,0,1,1,1,1,1,1
"Fallon Gray",Knights of Round,769349676,3,6040926,3634713,2406213,151,-39,175,458,1963000,1664171,104,17,411,2,218,55,89,106,117,1,1,1,1,1,1,0,1,1,0,1,0,1,0,0,0,0,1,1,1,0,1
"TheWing",Knights of Round,457797887,-3,7037888,3862866,3175022,121,-83,205,468,2048439,1814427,118,18,534,4,229,81,103,120,134,1,1,1,1,1,1,1,1,1,1,1,1,0,1,0,0,0,0,1,1,1,1
"Blaster Brains",Knights of Round,268918828,-4,8470725,4924505,3546220,138,14,251,548,2730509,2193996,182,14,701,5,260,95,148,176,185,1,1,1,1,1,1,0,1,1,1,1,1,1,1,0,0,0,1,1,1,1,1
"Knoxinbox",Knights of Round,148488677,-5,7906038,4740373,3165665,149,190,72,431,2832189,1902477,154,13,502,4,266,63,108,133,149,1,1,0,1,1,1,1,1,1,1,1,0,1,1,0,0,0,1,1,1,1,1
"Da MandaWhorian",Knights of Round,742792457,-5,6764219,3794529,2969690,127,114,161,499,2197960,1596118,100,11,506,3,213,77,105,132,139,1,1,1,1,1,1,0,1,1,1,1,0,1,0,0,0,0,1,1,1,1,1
"Burton",Knights of Round,759183489,4,7062580,3948797,3113783,126,-152,167,376,2026273,1921848,91,15,376,2,243,46,83,108,126,1,1,1,1,1,1,0,1,1,0,1,1,0,0,0,0,0,1,1,0,0,1
"Petah One",Knights of Round,595615614,-5,7908182,4473003,3435179,130,-56,181,416,2399234,2069937,163,4,530,3,253,75,102,121,144,1,1,1,1,1,1,1,1,1,0,1,1,1,0,0,0,0,1,1,1,1,1
"BrianSkywalker",Knights of Round,689764168,-6,9871011,5950575,3920436,151,147,272,497,3482485,2444842,247,21,679,4,300,101,114,241,248,1,1,1,1,1,1,1,1,1,1,1,0,1,1,0,0,0,1,1,1,1,1
"Davos",Knights of Round,715365225,-4,8950336,5373875,3576461,150,50,207,472,3018740,2340258,186,13,615,5,279,78,136,164,180,1,1,1,1,1,1,1,1,1,0,1,1,1,1,0,1,0,1,1,1,1,1
"StarKiller316",Knights of Round,842854673,-4,10705576,6346214,4359362,145,0,321,552,3483738,2842753,245,27,960,8,316,132,183,216,229,1,1,1,1,1,1,1,1,1,1,1,1,1,1,1,1,1,1,1,1,1,1
"CreepingDeath",Knights of Round,416858268,-4,4902624,2704361,2198263,123,3,45,410,1490046,1210604,45,7,292,2,159,38,66,77,85,0,0,0,1,1,1,0,1,0,1,1,0,0,0,0,0,0,0,0,1,1,1
"Rune",Knights of Round,836516255,-5,7036375,3930705,3105670,126,-31,167,289,2131340,1792722,81,12,278,2,278,45,51,97,135,1,0,0,1,1,1,0,1,0,1,1,0,0,0,0,0,0,0,1,1,1,1
"PIGI KENNY",Knights of Round,683679824,-3,7399664,4513219,2886445,156,83,75,417,2575832,1931381,131,3,419,3,255,56,91,134,144,1,1,1,1,1,1,1,1,1,1,0,1,1,0,0,0,0,1,1,1,1,0
"Darthcarnage",Knights of Round,668313584,3,7327197,4491499,2835698,158,167,113,346,2655566,1826899,154,9,294,2,237,37,74,121,141,1,1,1,1,1,1,0,1,1,1,0,0,1,0,0,0,0,1,1,1,1,0
"Jakoby77",Knights of Round,543768742,-3,10671872,6264349,4407523,142,22,652,571,3482807,2777018,240,32,1065,8,313,163,185,212,217,1,1,1,1,1,1,1,1,1,1,1,1,1,1,1,1,1,1,1,1,1,1
"Obiwankengoldi",Das Uber Villains,494244761,12,11217935,6843140,4374795,156,17,511,592,3787311,3034366,301,31,1066,8,315,142,206,245,251,1,1,1,1,1,1,1,1,1,1,1,1,1,1,1,1,1,1,1,1,1,1
"Cerealkiller02",Das Uber Villains,162278918,-5,10272512,6419712,3852800,166,6,294,590,3530370,2859036,249,23,1018,8,303,142,189,214,226,1,1,1,1,1,1,1,1,1,1,1,1,1,1,1,1,1,1,1,1,1,1
"DarthCarogna HK",Das Uber Villains,197198724,7,9880098,6047523,3832575,157,85,118,541,3457389,2585901,251,26,841,7,293,111,166,201,213,1,1,1,1,1,1,1,1,1,1,1,1,1,1,1,0,1,1,1,1,1,1
"Dr J",Das Uber Villains,633858332,-8,11123462,6697191,4426271,151,-8,398,612,3658629,3007979,267,34,1142,7,318,178,212,241,244,1,1,1,1,1,1,1,1,1,1,1,1,1,1,1,1,0,1,1,1,1,1
"Tang Ren",Das Uber Villains,735121649,-3,11516874,7038548,4478326,157,48,570,626,3945857,3062408,278,32,1254,8,323,190,213,258,259,1,1,1,1,1,1,1,1,1,1,1,1,1,1,1,1,1,1,1,1,1,1
"Josabar",Das Uber Villains,713459754,10,11444564,6839228,4605336,148,17,659,590,3791016,3036113,284,30,1134,8,321,169,197,252,257,1,1,1,1,1,1,1,1,1,1,1,1,1,1,1,1,1,1,1,1,1,1
"GrandAdmiralTheWall",Das Uber Villains,845632711,-11,12408155,7567722,4840433,156,0,270,663,4151756,3381418,293,53,1529,8,332,231,251,266,266,1,1,1,1,1,1,1,1,1,1,1,1,1,1,1,1,1,1,1,1,1,1
"SirPouncez",Das Uber Villains,375749791,-4,9078279,5422792,3655487,148,-161,230,520,2755551,2638464,223,17,718,6,292,101,154,175,199,1,1,1,1,1,1,1,1,1,0,1,1,1,1,1,1,0,1,1,1,1,1
"Zalandas Gosular",Das Uber Villains,139412387,-7,10938573,6523938,4414635,147,-33,328,542,3521359,2969855,257,27,993,8,328,137,187,208,232,1,1,1,1,1,1,1,1,1,1,1,1,1,1,1,1,1,1,1,1,1,1
"Zen with Ukraine",Das Uber Villains,594342513,-9,11339877,6790832,4549045,149,-42,455,574,3653021,3107702,292,39,1044,8,327,136,205,238,244,1,1,1,1,1,1,1,1,1,1,1,1,1,1,1,1,1,1,1,1,1,1
"Thugmoon",Das Uber Villains,735167737,-5,10641347,6424767,4216580,152,6,201,554,3531569,2860705,255,20,1011,7,313,147,174,214,226,1,1,1,1,1,1,1,1,1,1,1,1,1,1,1,1,0,1,1,1,1,1
"Mikethebest",Das Uber Villains,124421997,-8,11082649,6630340,4452309,148,-22,172,551,3598426,2999367,270,35,962,8,324,134,176,243,250,1,1,1,1,1,1,1,1,1,1,1,1,1,1,1,1,1,1,1,1,1,1
"Catskinner77",Das Uber Villains,327244799,-5,10541115,6319524,4221591,149,-34,292,503,3410886,2878187,271,28,820,7,317,117,150,217,239,1,1,1,1,1,1,1,1,1,1,1,1,1,1,1,1,0,1,1,1,1,1
"Zairyuu Dragonsage",Das Uber Villains,552912686,-8,10278595,6085891,4192704,145,-31,392,542,3289357,2767847,235,24,955,8,326,135,171,196,208,1,1,1,1,1,1,1,1,1,1,1,1,1,1,1,1,1,1,1,1,1,1
"Cafi",Das Uber Villains,299663662,-7,10123060,5950347,4172713,142,-46,288,537,3207528,2740169,247,24,869,7,293,125,164,206,213,1,1,1,1,1,1,1,1,1,1,1,1,1,1,1,1,0,1,1,1,1,1
"Sandy Ren",Das Uber Villains,315392647,-4,10288012,5978095,4309917,138,-125,386,468,3092046,2856934,253,32,803,5,315,117,143,178,208,1,1,1,1,1,1,1,1,1,0,1,1,1,1,1,0,0,1,1,1,1,1
"Oguleya Ren",Das Uber Villains,483288296,-6,10498351,6433439,4064912,158,-104,539,601,3375313,3053683,281,29,1061,7,303,138,199,220,225,1,1,1,1,1,1,1,1,1,0,1,1,1,1,1,1,1,1,1,1,0,1
"BigSloppy",Das Uber Villains,287739567,-5,10944451,6531598,4412853,148,45,497,563,3663748,2853939,278,28,1023,8,321,140,187,225,230,1,1,1,1,1,1,1,1,1,1,1,1,1,1,1,1,1,1,1,1,1,1
"Chris396",Das Uber Villains,961874866,-6,11082960,6697773,4385187,152,2,749,599,3677610,2991168,279,38,1040,7,324,134,215,241,246,1,1,1,1,1,1,1,1,1,1,1,1,1,1,0,1,1,1,1,1,1,1
"JadeBelly",Das Uber Villains,353238252,-7,10770165,6465307,4304858,150,-60,380,548,3456993,2993944,261,33,958,7,316,127,182,217,237,1,1,1,1,1,1,1,1,1,1,1,1,1,1,1,1,0,1,1,1,1,1
"Von Owens III",Das Uber Villains,869593441,-5,11588108,6825482,4762626,143,-62,348,598,3637454,3157868,293,34,1220,8,320,165,212,237,242,1,1,1,1,1,1,1,1,1,1,1,1,1,1,1,1,1,1,1,1,1,1
"Phojas123",Das Uber Villains,538924313,-8,10880412,6513253,4367159,149,-50,410,583,3490174,2994092,258,27,1024,7,317,135,205,225,234,1,1,1,1,1,1,1,1,1,1,1,1,1,1,1,1,0,1,1,1,1,1
"Nibbles117",Das Uber Villains,996311196,-4,9912171,6078335,3833836,158,-30,332,550,3297419,2771861,237,27,870,7,286,116,177,195,207,1,1,1,1,1,1,1,1,1,1,1,1,1,1,1,1,0,1,1,1,1,1
"DarthGrable",Das Uber Villains,611292644,-4,11399213,6957744,4441469,156,-19,313,607,3782520,3143166,261,31,1210,8,332,177,214,236,249,1,1,1,1,1,1,1,1,1,1,1,1,1,1,1,1,1,1,1,1,1,1
"Flash Hero",Das Uber Villains,283336498,-7,10630121,6314844,4315277,146,-27,370,558,3420448,2865269,255,31,937,6,320,123,194,212,227,1,1,1,1,1,1,1,1,1,1,1,1,1,1,0,1,0,1,1,1,1,1
"PJVN888",Das Uber Villains,258691159,-8,10903882,6465194,4438688,145,-8,406,567,3531863,2904642,254,32,983,6,321,130,198,224,232,1,1,1,1,1,1,1,1,1,1,1,1,1,1,0,1,0,1,1,1,1,1
"Captian Tuck",Das Uber Villains,772485463,-5,10178191,6041967,4136224,146,-39,339,524,3252483,2759142,244,27,811,6,305,113,161,211,227,1,1,1,1,1,1,1,1,1,1,1,1,1,1,0,1,0,1,1,1,1,1
"Yodan",Das Uber Villains,756331765,-8,11590078,7054544,4535534,155,-11,582,622,3849982,3174295,297,39,1181,8,327,158,225,260,265,1,1,1,1,1,1,1,1,1,1,1,1,1,1,1,1,1,1,1,1,1,1
"GRV",Das Uber Villains,687396852,-4,9996525,6100572,3895953,156,-44,149,575,3286348,2801516,209,21,906,7,306,134,184,210,218,1,1,1,1,1,1,1,1,1,1,1,1,1,1,1,1,0,1,1,1,1,1
"Redkungfu",Das Uber Villains,787161912,-7,10869760,6505241,4364519,149,-70,358,535,3452290,3021238,271,31,1014,8,314,139,183,196,212,1,1,1,1,1,1,1,1,1,1,1,1,1,1,1,1,1,1,1,1,1,1
"Alf",Das Uber Villains,169295897,-6,10496167,6410972,4085195,156,22,133,539,3561792,2838722,280,29,949,8,295,127,170,206,219,1,1,1,1,1,1,1,1,1,1,1,1,1,1,1,1,1,1,1,1,1,1
"Botso",Das Uber Villains,537159698,-4,11286286,6863213,4423073,155,-21,231,625,3725910,3105247,243,24,1177,8,324,174,210,260,262,1,1,1,1,1,1,1,1,1,1,1,1,1,1,1,1,1,1,1,1,1,1
"Dimwai Dirpa",Das Uber Villains,698268637,-7,10549589,6399765,4149824,154,-29,349,571,3470585,2914506,253,31,956,6,303,115,190,222,240,1,1,1,1,1,1,1,1,1,0,1,1,1,1,1,1,0,1,1,1,1,1
"ElGuapo",Das Uber Villains,545734924,-4,10600547,6341382,4259165,148,41,280,512,3541783,2769349,280,31,867,7,317,121,161,209,230,1,1,1,1,1,1,1,1,1,1,1,1,1,1,1,0,1,1,1,1,1,1
"Drtk",Das Uber Villains,178662293,2,10414530,6173839,4240691,145,-33,330,519,3343746,2818768,251,22,817,7,298,120,149,229,237,1,1,1,1,1,1,1,1,1,1,1,1,1,1,1,1,0,1,1,1,1,1
"Din Djarin",Das Uber Villains,572841567,-4,10185995,6069738,4116257,147,-10,433,489,3320856,2736060,261,27,694,5,309,94,136,224,231,1,1,1,1,1,1,1,1,1,0,0,1,1,1,1,1,0,1,1,1,1,1
"Erdrick",Das Uber Villains,679891616,-5,9795797,5990441,3805356,157,-50,122,530,3222804,2762176,255,22,876,7,286,130,158,186,201,1,1,1,1,1,1,1,1,1,1,1,1,1,1,1,1,0,1,1,1,1,1
"Hones",Das Uber Villains,714821517,-7,11353381,6758335,4595046,147,-46,244,594,3626859,3099262,279,40,1205,8,324,180,211,223,234,1,1,1,1,1,1,0,1,1,1,1,1,1,1,1,1,1,1,1,1,1,1
"Ubaisore",Das Uber Villains,737718688,-8,10615491,6424805,4190686,153,-1,201,550,3521858,2876481,276,26,859,8,320,122,187,226,233,1,1,1,1,1,1,1,1,1,1,1,1,1,1,1,1,1,1,1,1,1,1
"Isaiah",Das Uber Villains,179358256,-6,10398980,6271679,4127301,151,29,312,575,3493839,2764165,276,28,793,6,307,88,200,240,246,1,1,1,1,1,1,1,1,1,1,1,1,1,1,1,0,0,1,1,1,1,1
"DeathDealer",Das Uber Villains,296234444,7,9870226,5926960,3943266,150,-114,504,526,3085087,2818671,231,27,873,6,287,126,151,194,210,1,1,1,1,1,1,1,1,1,1,1,1,1,1,1,0,0,1,1,1,1,1
"Kalimale",Das Uber Villains,724538447,-7,10864398,6506348,4358050,149,-33,528,553,3515168,2964480,288,31,1011,8,311,134,184,215,226,1,1,1,1,1,1,1,1,1,1,1,1,1,1,1,1,1,1,1,1,1,1
"Spike666",Das Uber Villains,192635825,-7,10065318,5966486,4098832,145,-30,320,517,3233548,2717019,200,19,771,7,315,106,155,212,229,1,1,1,1,1,1,1,1,1,1,1,1,1,1,1,1,0,1,1,1,1,1
"Manny1",Das Uber Villains,919834287,-7,10504202,6348678,4155524,152,14,98,588,3500120,2811051,236,22,1069,8,303,164,188,216,219,1,1,1,1,1,1,1,1,1,1,1,1,1,1,1,1,1,1,1,1,1,1
"Boogeyman",Das Uber Villains,997952387,-2,11926943,7315156,4611787,158,3,514,650,4017725,3265279,276,53,1427,8,333,214,241,250,252,1,1,1,1,1,1,1,1,1,1,1,1,1,1,1,1,1,1,1,1,1,1
"BT",Das Uber Villains,762843783,6,10433577,6277787,4155790,151,-20,489,543,3415053,2842321,251,25,874,7,310,111,171,221,240,1,1,1,1,1,1,1,1,1,1,1,1,1,1,1,1,0,1,1,1,1,1
"Coldwolf",Das Uber Villains,939363938,-8,10336359,6106554,4229805,144,-32,295,493,3298940,2777478,241,22,796,6,300,106,151,200,229,1,1,1,1,1,1,1,1,1,1,1,1,1,1,0,1,0,1,1,1,1,1
"Fuko Calrisean",Das Uber Villains,897297437,-5,11773024,7158273,4614751,155,17,278,640,3956193,3170142,283,56,1358,8,325,197,234,249,258,1,1,1,1,1,1,1,1,1,1,1,1,1,1,1,1,1,1,1,1,1,1
"Puddin",Villains ll,656144574,-8,11593556,6989240,4604316,151,-35,454,620,3772238,3186788,288,43,1294,8,328,200,225,236,241,1,1,1,1,1,1,1,1,1,1,1,1,1,1,1,1,1,1,1,1,1,1
"BingoTheGringo",Villains ll,793972541,-7,10586934,6071249,4515685,134,23,341,552,3379430,2691132,258,27,943,6,304,131,182,214,217,1,1,1,1,1,1,1,1,1,1,1,1,1,1,1,0,0,1,1,1,1,1
"Pattyoneel",Villains ll,338159234,-5,9166208,5424726,3741482,144,209,242,455,3262648,2148343,217,18,622,5,285,80,132,161,190,1,1,1,1,1,1,1,1,1,1,1,0,1,1,0,0,1,1,1,1,1,1
"J84Raven",Villains ll,274336351,-5,9696834,5811689,3885145,149,24,187,499,3225715,2566570,243,12,773,7,306,110,147,183,198,1,1,1,1,1,1,1,1,1,1,1,1,1,1,0,1,1,1,1,1,1,1
"Oozy",Villains ll,768273468,-3,10357979,6235665,4122314,151,-11,247,608,3411203,2814436,240,26,1042,7,293,134,206,216,226,1,1,1,1,1,1,1,1,1,1,1,1,1,1,1,1,0,1,1,1,1,1
"Espo One",Villains ll,794385323,-6,9986704,6107516,3879188,157,89,294,583,3483905,2594435,256,25,812,7,289,110,195,225,228,1,1,1,1,1,1,1,1,1,1,1,1,1,1,0,1,1,1,1,1,1,1
"Jumbelina",Villains ll,496186941,11,10578899,6300330,4278569,147,-3,364,553,3447914,2819997,227,22,908,8,316,131,164,240,240,1,1,1,1,1,1,1,1,1,1,1,1,1,1,1,1,1,1,1,1,1,1
"thetitmaster",Villains ll,747132696,-11,7647460,4809536,2837924,169,110,20,485,2778582,2026694,173,6,568,3,242,84,112,146,168,1,1,1,1,1,1,1,1,1,1,1,0,1,0,0,0,0,1,1,1,1,1
"Fishetti",Villains ll,261211535,-4,10429831,6336902,4092929,154,-7,189,546,3463516,2844814,258,21,933,8,317,128,175,208,220,1,1,1,1,1,1,1,1,1,1,1,1,1,1,1,1,1,1,1,1,1,1
"Sol Riel",Villains ll,667729758,-4,8713973,5444920,3269053,166,-81,157,558,2888937,2555307,238,28,707,5,267,91,154,191,197,1,1,1,1,1,1,1,1,1,0,1,1,0,1,1,1,0,1,1,1,0,1
"BigTLow",Villains ll,198244928,-3,9338878,5794626,3544252,163,-11,197,588,3168432,2612627,229,13,840,7,292,114,190,192,202,1,1,1,1,1,1,1,1,1,1,1,0,1,1,1,1,1,1,1,1,1,1
"money making mitch",Villains ll,279848565,-5,9187471,5627852,3559619,158,39,228,513,3146903,2465978,229,14,768,8,286,111,143,175,202,1,1,1,1,1,1,1,1,1,1,1,1,1,1,1,1,1,1,1,1,1,1
"Buzzkill",Villains ll,171123476,-5,11105643,6592401,4513242,146,-9,352,557,3599879,2963880,270,33,1013,8,321,151,181,235,241,1,1,1,1,1,1,1,1,1,1,1,1,1,1,1,1,1,1,1,1,1,1
"PeePeeLaFritz",Villains ll,326683311,-4,10691858,6507407,4184451,155,92,310,553,3722228,2764980,287,47,992,8,303,140,176,217,231,1,1,1,1,1,1,1,1,1,1,1,1,1,1,1,1,1,1,1,1,1,1
"Jakav6",Villains ll,731665414,-5,8259273,4880927,3378346,144,-26,165,506,2657023,2223228,168,20,695,7,251,90,135,144,157,0,0,0,1,1,1,1,1,1,1,1,1,1,1,1,1,0,1,1,1,1,1
"NergalAbsu",Villains ll,418887294,-8,9529378,5623834,3905544,143,-127,203,491,2905555,2691266,249,17,710,5,288,97,144,182,204,1,1,1,1,1,1,1,1,1,0,1,1,1,1,1,0,0,1,1,1,1,1
"DarkHamburger",Villains ll,196298817,-4,9155193,5533851,3621342,152,12,94,570,3061702,2465456,156,22,905,6,252,134,160,181,200,1,1,1,1,1,1,1,1,1,1,1,1,1,1,1,0,0,1,1,1,1,1
"Masta K",Villains ll,211691162,-5,10536514,6216151,4320363,143,-107,279,495,3248156,2948009,267,20,850,5,315,130,143,209,218,1,1,1,1,1,1,1,1,1,0,1,1,1,0,1,1,0,1,1,1,1,1
"Riika Redfox",Villains ll,867487842,-5,11501383,6937832,4563551,152,-5,560,603,3796823,3112413,290,34,1198,8,322,184,210,244,248,1,1,1,1,1,1,1,1,1,1,1,1,1,1,1,1,1,1,1,1,1,1
"constante",Villains ll,364761588,-10,10548690,6154966,4393724,140,25,310,521,3428583,2723733,271,19,871,7,313,122,174,202,223,1,1,1,1,1,1,1,1,1,1,1,1,1,1,0,1,1,1,1,1,1,1
"Galatea Phebos",Villains ll,932767188,-6,10445541,6154129,4291412,143,40,682,534,3439830,2690973,234,17,869,7,307,122,161,224,235,1,1,1,1,1,1,1,1,1,1,0,1,1,1,1,1,1,1,1,1,1,1
"Darco Ren",Villains ll,277118468,-3,9367835,5239475,4128360,126,-34,359,545,2841740,2397735,151,27,808,4,284,107,164,185,192,1,1,1,1,1,1,1,1,1,1,1,1,0,1,0,0,0,1,1,1,1,1
"Mos Eisley Marauder",Villains ll,848989831,-6,9064330,5124598,3939732,130,-63,255,538,2742411,2382187,179,20,782,4,280,119,156,176,191,1,1,1,1,1,1,1,1,1,0,1,1,1,1,0,0,0,1,1,1,1,1
"Sphy",Villains ll,893376834,-7,9541896,5906939,3634957,162,-44,82,532,3186846,2714773,252,21,837,7,292,113,159,182,191,1,1,1,1,1,1,1,1,1,1,1,1,1,1,1,1,0,1,1,1,1,1
"KyloFinch",Villains ll,939517722,-6,8778489,5396595,3381894,159,131,141,426,3136942,2239645,208,11,541,4,293,73,118,148,192,1,1,1,1,1,1,1,1,1,1,0,0,0,1,0,1,1,1,1,1,1,1
"Wolfwink",Villains ll,638528697,-7,9694161,5813540,3880621,149,30,223,544,3246365,2566499,250,29,810,7,303,119,175,191,204,1,1,1,1,1,1,1,1,1,1,1,1,1,1,1,0,1,1,1,1,1,1
"Jairasha Arezno",Villains ll,493668729,-5,7849321,4718183,3131138,150,98,53,456,2709147,1999945,124,12,526,1,248,77,113,140,157,1,1,1,1,1,1,0,1,1,0,0,0,0,1,0,0,0,0,1,1,1,0
"Romano Fafard",Villains ll,624477215,0,10150247,6133827,4016420,152,-5,351,544,3352171,2747210,255,33,770,5,300,93,160,239,242,1,1,1,1,1,1,1,1,1,0,1,1,1,1,0,1,0,1,1,1,1,1
"B3ATNGU",Villains ll,133712933,3,5032695,2880360,2152335,133,244,76,342,1760705,1118968,45,8,238,1,206,42,49,76,93,1,1,1,1,1,0,0,1,0,1,0,0,0,0,0,0,0,0,1,0,1,1
"MightyAnchor",Villains ll,281619283,-2,9256941,5555039,3701902,150,94,496,565,3189318,2365045,222,26,837,7,280,107,162,194,201,1,1,1,1,1,1,1,1,1,1,1,1,1,1,0,1,1,1,1,1,1,1
"Blindsurgeon",Villains ll,518773864,-5,8977644,5516001,3461643,159,-21,198,523,3001746,2501150,194,13,821,7,276,113,148,158,181,1,1,1,1,1,1,1,1,1,1,1,1,1,1,1,1,0,1,1,1,1,1
"HIT",Villains ll,186774711,-6,9460680,5700591,3760089,151,11,282,520,3147709,2537648,210,26,726,6,285,92,160,187,204,1,1,1,1,1,1,1,1,1,1,1,1,1,1,0,1,0,1,1,1,1,1
"IG 88",Villains ll,959674685,-6,6573438,3682875,2890563,127,11,84,511,2033117,1637637,90,10,461,1,252,62,114,130,137,1,1,1,1,1,1,0,1,1,0,1,0,0,0,0,0,0,0,1,1,1,1
"RenegadeSith",Villains ll,447995451,-4,8450619,4774203,3676416,129,-3,178,474,2624134,2147419,157,15,676,7,279,97,125,141,156,1,1,1,1,1,1,1,1,1,1,1,1,1,1,1,1,0,1,1,1,1,1
"HM75",Villains ll,779678751,-6,8831141,5281310,3549831,148,89,296,472,3020587,2250697,209,15,592,3,273,77,129,170,187,1,1,1,1,1,1,0,1,1,0,0,0,1,1,0,1,0,1,1,1,1,1
"ShadowNiel",Villains ll,611321767,2,6811995,4009341,2802654,143,-127,58,335,2080171,1924573,139,15,319,3,239,39,69,96,116,1,1,1,1,1,1,1,1,1,0,1,1,0,1,0,0,0,0,1,1,1,1
"Frateo",Villains ll,657179331,4,9210421,5391139,3819282,141,182,403,535,3213328,2177135,190,27,761,5,282,110,146,195,201,1,1,1,1,1,1,0,1,1,1,1,0,1,1,0,0,1,1,1,1,1,1
"Lurk skywalter",Villains ll,493145999,-4,8588959,5172119,3416840,151,-7,102,348,2831331,2326297,208,19,430,3,276,58,76,137,169,1,1,1,1,1,1,1,1,1,0,0,1,1,0,0,1,0,1,1,1,1,1
"DarkPickle",Villains ll,746347689,-5,4529849,2535936,1993913,127,-345,52,425,1180219,1355717,55,5,294,1,134,37,60,74,92,0,0,0,1,1,1,0,1,0,0,1,0,0,0,0,0,0,0,1,1,1,1
"Beka12",Villains ll,629165259,2,8182369,4506014,3676355,122,78,50,304,2565383,1931870,186,10,369,0,240,50,51,124,144,1,1,0,1,1,1,0,1,0,0,0,0,0,0,0,0,0,0,1,1,1,1
"j who",Villains ll,597367851,-5,8902057,5427946,3474111,156,107,162,525,3128941,2288783,194,16,703,3,260,90,141,186,197,1,1,1,1,1,1,1,1,1,1,0,0,1,1,0,0,0,1,1,1,1,1
"BigSwede19",Villains ll,468774639,-8,10790263,6405463,4384800,146,-76,403,553,3389647,2983545,273,27,1009,8,324,141,184,211,220,1,1,1,1,1,1,1,1,1,1,1,1,1,1,1,1,1,1,1,1,1,1
"Vaexqua Grupen",Villains ll,736141127,-6,8176587,4809809,3366778,142,-72,204,538,2549914,2235165,203,18,622,4,261,78,145,171,178,1,1,1,1,1,1,1,1,1,0,1,1,1,0,1,0,0,1,1,1,1,1
"decimer",Villains ll,311687341,-5,8867204,5419108,3448096,157,188,107,432,3224749,2171111,223,11,484,1,278,75,78,209,221,1,1,1,1,1,1,1,1,1,1,0,0,0,0,0,0,0,1,1,1,1,1
"TalonZek",Villains ll,864636643,-4,9714292,5687425,4026867,141,84,338,469,3242873,2427299,234,23,617,4,306,77,147,186,202,1,1,1,1,1,1,1,1,1,1,1,0,1,1,0,0,0,1,1,1,1,1
"MINIG3n3ra1K3n0biTW",Villains ll,972443237,11,9368419,5356382,4012037,133,37,387,479,2989281,2346134,196,26,707,3,287,110,134,174,204,1,1,1,1,1,1,0,1,1,1,1,0,0,1,0,0,0,1,1,1,1,1
"Pepa Pig",Villains ll,271322622,6,10520424,6156544,4363880,141,-38,291,534,3326927,2817803,241,28,957,7,296,131,175,196,203,1,1,1,1,1,1,1,1,1,1,1,1,1,1,0,1,1,1,1,1,1,1
"Congol",Villains ll,257649642,-5,8233306,5044864,3188442,158,34,114,532,2820222,2220300,185,12,606,3,239,72,147,170,179,1,1,1,1,1,1,0,1,1,0,1,1,0,1,0,0,0,1,1,1,1,1
"Trogdor",Villains 3,164111865,-7,10270196,6032887,4237309,142,-22,350,464,3284318,2739134,264,26,692,7,313,97,146,193,215,1,1,1,1,1,1,1,1,1,1,1,1,1,1,1,1,0,1,1,1,1,1
"Cane Cavito",Villains 3,571494434,-5,8198755,4838955,3359800,144,129,326,559,2806457,2005519,207,22,778,3,239,114,146,157,170,1,1,1,1,1,1,1,1,1,1,0,0,1,1,0,0,0,1,1,1,1,0
"Rich Rider",Villains 3,682774593,-6,8084451,4848012,3236439,149,70,239,456,2747754,2087091,143,13,547,4,278,76,113,147,167,1,1,1,1,1,1,1,1,1,1,1,0,0,1,0,1,0,1,1,1,1,1
"LordNolak",Villains 3,625916659,0,8817248,5370657,3446591,155,-2,129,505,2951716,2412346,223,27,654,5,255,87,144,171,188,1,1,1,1,1,1,1,1,1,1,1,1,1,0,0,1,0,1,1,1,1,1
"Myriddan",Villains 3,511315191,-8,10369981,6157819,4212162,146,-11,590,525,3359587,2769590,239,22,845,7,312,135,161,215,223,1,1,1,1,1,1,1,1,1,1,1,1,1,1,1,1,0,1,1,1,1,1
"Rice",Villains 3,389451147,-4,10972522,6570198,4402324,149,31,492,567,3654536,2887044,272,33,1009,7,318,146,186,235,238,1,1,1,1,1,1,1,1,1,1,1,1,1,1,1,0,1,1,1,1,1,1
"Glove",Villains 3,421286915,-5,10283224,6131996,4151228,147,-67,370,507,3258996,2843807,249,32,830,6,314,115,162,194,210,1,1,1,1,1,1,1,1,1,1,1,1,0,1,1,1,0,1,1,1,1,1
"Lerxst",Villains 3,488881189,-5,9379930,5696674,3683256,154,9,250,564,3151802,2544196,227,15,886,7,282,134,167,185,197,1,1,1,1,1,1,1,1,1,1,1,1,1,1,0,1,1,1,1,1,1,1
"CoolCatLoveBird",Villains 3,297157199,-9,7882106,4642648,3239458,143,-87,142,468,2456671,2185977,188,10,596,6,262,86,114,136,159,1,1,1,1,1,1,1,1,1,1,1,1,1,1,1,0,0,1,1,1,1,1
"Megem",Villains 3,178238853,-7,6928399,4389452,2538947,172,166,85,370,2595382,1787812,169,3,369,3,224,49,75,108,143,1,1,1,1,1,1,1,1,1,0,0,0,1,1,0,1,0,1,1,1,0,0
"KingCong",Villains 3,823182356,0,8644022,5356012,3288010,162,-96,140,517,2805833,2519981,214,22,750,6,269,111,142,155,173,1,1,1,1,1,1,1,1,1,1,1,1,1,1,1,0,0,1,1,1,1,1
"Hiruto",Villains 3,951752684,-4,9837117,5856448,3980669,147,76,117,500,3332190,2514232,235,18,807,6,293,105,150,181,197,1,1,1,1,1,1,1,1,1,1,1,1,1,1,0,0,1,1,1,1,1,1
"Eliza Jaho",Villains 3,341755377,-4,9938070,6076186,3861884,157,-16,157,519,3311932,2744033,242,20,780,7,295,105,153,207,228,1,1,1,1,1,1,1,1,1,1,1,1,1,1,1,1,0,1,1,1,1,1
"Zellnerz",Villains 3,699216629,-5,9088773,5249912,3838861,136,-15,118,515,2867065,2373151,194,24,749,5,287,113,145,174,197,1,1,1,1,1,1,1,1,1,1,1,1,1,1,0,0,0,1,1,1,1,1
"Weiser",Villains 3,558628925,-2,9138066,5541149,3596917,154,73,228,519,3148702,2382894,199,25,714,3,281,94,160,172,196,1,1,1,1,1,1,1,1,1,1,0,0,0,1,1,0,0,1,1,1,1,1
"Wffls",Villains 3,198532873,-5,9426006,5848394,3577612,163,88,178,545,3344080,2494878,224,20,795,6,274,113,155,200,212,1,1,1,1,1,1,1,1,1,1,1,1,1,1,0,1,0,1,1,1,1,1
"Dazaro",Villains 3,342675736,-6,6620164,4250966,2369198,179,335,135,557,2678098,1542430,159,10,555,5,256,73,121,137,145,1,1,1,1,1,1,1,1,1,0,0,0,1,1,1,1,1,1,1,1,0,1
"DarthOni",Villains 3,814894322,-3,10189405,6094504,4094901,148,25,362,556,3380696,2686030,238,19,954,6,317,141,182,194,204,1,1,1,1,1,1,1,1,1,1,1,0,1,1,0,1,1,1,1,1,1,1
"Shimazu Hanzo",Villains 3,822252926,-8,10505978,6268639,4237339,147,29,380,526,3491285,2762192,273,31,870,7,312,125,165,214,228,1,1,1,1,1,1,1,1,1,1,1,1,1,1,1,0,1,1,1,1,1,1
"Nunley",Villains 3,451228862,-8,9749533,6065548,3683985,164,102,289,524,3477651,2555479,236,21,769,5,316,106,150,208,228,1,1,1,1,1,1,1,1,1,1,0,0,1,0,1,1,1,1,1,1,1,1
"Ro'hale",Villains 3,966784273,-5,9026291,5241858,3784433,138,39,112,514,2925704,2292300,198,12,681,3,300,94,145,183,189,1,1,1,1,1,1,1,1,1,0,1,0,1,1,0,0,0,1,1,1,1,1
"Canderus",Villains 3,883117875,1,5234342,3601609,1632733,220,72,458,573,2049166,1552443,147,0,481,4,184,52,97,107,124,1,1,1,1,1,1,0,1,1,0,0,0,0,1,1,1,1,1,1,0,0,0
"Lymbo",Villains 3,961861724,-6,8063596,4969894,3093702,160,11,94,428,2748770,2215073,212,13,528,4,269,80,106,134,166,1,1,1,1,1,1,0,1,1,1,1,0,1,0,1,0,0,1,1,0,1,1
"Sentey",Villains 3,491233948,-5,7740859,4619065,3121794,147,-181,257,508,2321592,2268831,176,14,633,5,268,95,126,141,157,1,1,1,1,1,1,1,1,1,1,1,1,1,0,0,1,0,1,1,1,1,1
"Kurisu",Villains 3,555853763,-5,9604723,5731277,3873446,147,-17,140,484,3124017,2591956,233,20,644,4,288,71,139,198,217,1,1,1,1,1,1,1,1,1,1,1,1,1,0,0,0,0,1,1,1,1,1
"Squints",Villains 3,143176759,-4,10076210,5978946,4097264,145,126,369,517,3473596,2491439,236,25,777,6,302,114,150,216,227,1,1,1,1,1,1,1,1,1,1,1,1,1,1,0,0,1,1,1,1,1,1
"StickSkywalker",Villains 3,869153575,-5,4242049,2166957,2075092,104,-43,119,420,1170108,996173,54,4,286,2,140,39,60,61,67,0,0,0,0,0,1,0,0,0,1,1,0,0,0,0,0,0,0,0,1,1,1
"Legacy",Villains 3,891892929,-8,8330758,4745983,3584775,132,20,157,587,2627113,2098013,114,21,781,5,258,107,159,174,185,1,1,1,1,1,1,1,1,1,1,1,0,1,1,0,1,0,1,1,1,1,1
"Eterniter",Villains 3,415557143,1,8409439,5320977,3088462,172,15,614,579,2951381,2368920,236,20,818,7,249,113,153,171,184,1,1,1,1,1,1,1,1,1,1,1,1,1,1,0,1,1,1,1,1,1,1
"Ondori",Villains 3,296816962,-8,9198645,5522516,3676129,150,-17,124,453,3010875,2498383,180,38,782,1,268,105,112,149,177,1,1,1,1,1,1,1,1,1,0,0,0,0,0,1,0,0,1,1,1,0,0
"Blackstar",Villains 3,361137876,-10,9103831,5492510,3611321,152,50,67,484,3088215,2393567,222,18,602,2,264,84,118,203,218,1,1,1,1,1,1,1,1,1,1,1,0,0,0,0,0,0,1,1,1,1,1
"YaDiDiMeAn",Villains 3,316658618,-6,8411378,4948857,3462521,142,-15,246,515,2697813,2233160,193,17,675,5,262,99,137,162,178,1,1,1,1,1,1,1,1,1,1,1,1,1,1,0,0,0,1,1,1,1,1
"R1DD1K",Villains 3,283634632,-5,9370583,5728761,3641822,157,58,317,516,3225670,2480263,247,12,673,6,288,88,138,211,216,1,1,1,1,1,1,1,1,1,1,1,1,1,1,1,0,0,1,1,1,1,1
"CommanderTK421",Villains 3,822891745,-4,5363956,2976854,2387102,124,322,143,415,1873531,1096735,71,6,340,3,214,50,69,86,94,1,0,0,0,1,1,0,1,0,1,1,0,1,0,0,0,0,1,0,0,1,1
"cdaza933",Villains 3,857218838,-5,8930769,5492881,3437888,159,-39,361,500,2962617,2513737,230,23,704,7,264,93,137,169,189,1,1,1,1,1,1,1,1,1,1,1,1,1,1,0,1,1,1,1,1,1,1
"My keyz",Villains 3,461238798,-7,8284145,5105078,3179067,160,134,101,448,2971579,2113626,181,9,624,5,260,88,112,135,161,1,1,1,1,1,1,0,1,1,1,1,0,1,1,0,0,1,1,1,0,1,1
"ReDeyeJEDI",Villains 3,699157716,-5,8617443,5284558,3332885,158,10,216,429,2921502,2357583,224,15,532,5,265,83,94,170,195,1,1,1,1,1,1,1,1,1,1,1,1,1,1,0,0,0,1,1,1,1,1
"Faroer Laike",Villains 3,912165226,-2,10790879,6412625,4378254,146,19,354,561,3548459,2835462,257,31,925,7,320,128,183,238,246,1,1,1,1,1,1,1,1,1,1,1,1,1,1,0,1,1,1,1,1,1,1
"Scottyj8979",Villains 3,979433967,-6,9608508,5721782,3886726,147,122,221,484,3318394,2389420,234,16,697,6,294,97,137,189,211,1,1,1,1,1,1,1,1,1,1,1,1,1,1,0,0,1,1,1,1,1,1
"Obi Juan",Villains 3,843377265,-6,7667553,4698594,2968959,158,240,99,424,2867334,1830809,195,16,461,3,254,58,95,138,153,1,1,1,1,1,1,1,1,1,0,1,0,1,1,0,0,0,1,1,1,1,1
"Fordy",Villains IV,167294499,-8,10323543,6023007,4300536,140,-33,120,462,3259400,2749012,262,22,716,6,310,93,145,189,215,1,1,1,1,1,1,1,1,1,1,1,1,1,1,0,1,0,1,1,1,1,1
"LordHelmet",Villains IV,482675979,-6,7383324,4453853,2929471,152,100,65,480,2562185,1887776,195,10,590,6,239,84,108,129,138,1,1,1,1,1,1,0,1,1,1,1,1,1,1,1,0,0,1,1,1,1,1
"Fabz",Villains IV,486117945,-6,8494125,4915988,3578137,137,94,185,532,2815436,2087447,184,20,727,5,254,102,147,160,165,1,1,1,1,1,1,1,1,1,1,1,1,1,1,0,0,0,1,1,1,1,1
"generalAthena",Villains IV,469998123,-4,6813325,3794280,3019045,125,-22,79,420,2069221,1725059,138,14,329,0,207,32,110,111,120,0,0,0,1,1,1,0,1,0,0,0,0,0,0,0,0,0,0,1,1,1,1
"JohnFarson",Villains IV,977719483,-4,8738319,5219535,3518784,148,-121,356,521,2715358,2499521,226,23,745,7,277,101,149,158,175,1,1,1,1,1,1,1,1,1,1,1,1,1,1,1,1,0,1,1,1,1,1
"Jakuu Bombassa",Villains IV,161593765,-7,8488424,5101759,3386665,150,58,273,405,2879670,2212626,232,16,450,3,281,58,96,158,182,1,1,1,1,1,1,1,1,1,0,0,1,1,1,0,0,0,1,1,1,1,1
"GreenFire",Villains IV,219263763,0,9160046,5515089,3644957,151,62,236,541,3115185,2385899,182,11,701,5,285,88,151,205,214,1,1,1,1,1,1,1,1,1,1,1,1,1,1,0,0,0,1,1,1,1,1
"ThaPhoenix",Villains IV,592319272,-4,5855515,3327506,2528009,131,52,195,523,1876723,1450783,95,9,478,0,210,81,103,108,116,0,1,0,1,1,1,1,1,1,0,0,0,0,0,0,0,0,0,1,1,1,1
"pikkolo",Villains IV,762268168,-4,8447151,5009922,3437229,145,-93,140,407,2642598,2364674,214,12,526,4,266,71,99,140,173,1,1,1,1,1,1,1,1,1,1,0,1,0,0,1,1,0,1,1,1,1,1
"itsmedontusee2",Villains IV,335344854,-4,9383343,5344202,4039141,132,3,642,515,2932354,2383074,200,30,828,5,281,126,150,168,180,1,1,1,1,1,1,1,1,1,1,1,1,1,1,0,0,0,1,1,1,1,1
"Cfood69",Villains IV,627548954,-4,8367206,4913639,3453567,142,-38,177,442,2658893,2252321,195,13,518,5,264,65,113,154,171,1,1,1,1,1,1,0,1,1,0,1,1,1,1,0,1,0,1,1,1,1,1
"Shermantime",Villains IV,753128741,-5,6305045,3807614,2497431,152,136,57,396,2223749,1579830,101,11,381,1,203,58,75,99,113,1,1,1,1,1,1,1,1,1,0,0,0,0,1,0,0,0,0,1,1,1,0
"Ashtray",Villains IV,214716763,-5,8376922,5211151,3165771,164,-65,255,403,2770853,2411866,182,6,474,5,277,64,95,148,178,1,1,1,1,1,1,1,1,1,1,1,1,1,0,0,1,0,1,1,1,1,1
"Yog Dingham",Villains IV,839793419,-7,9113743,5473278,3640465,150,-2,219,470,3002588,2453251,206,21,565,5,303,75,120,196,201,1,1,1,1,1,1,1,1,1,1,0,1,1,1,0,1,0,1,1,1,1,1
"Mr Hazer",Villains IV,157877586,-5,6758631,3608542,3150089,114,-4,101,284,1981682,1622194,169,1,170,0,250,9,53,105,144,1,1,0,1,1,1,1,1,0,0,0,0,0,0,0,0,0,1,1,1,1,1
"BaptizedInFilth",Villains IV,796155522,-8,7470853,4706165,2764688,170,-17,267,556,2554948,2120605,152,24,650,3,242,82,137,149,158,1,1,1,1,1,1,1,1,0,1,1,0,0,1,0,0,0,0,1,1,1,1
"Tugboat Al",Villains IV,781217713,-7,6391721,4042905,2348816,172,198,96,356,2422730,1615267,134,10,303,1,212,41,68,99,121,1,1,1,1,1,1,1,1,1,0,0,0,1,0,0,0,0,1,1,1,0,0
"DemToeBeanz",Villains IV,989314963,-7,9247375,5337467,3909908,136,-18,215,513,2900663,2408162,196,29,679,0,290,107,133,206,211,1,1,1,1,1,1,0,1,1,0,0,0,0,0,0,0,0,1,1,1,1,1
"Guitarman007",Villains IV,612313928,-5,8426651,5399386,3027265,178,95,349,495,3098152,2293878,221,25,631,6,258,84,123,168,181,1,1,1,1,1,1,0,1,1,1,0,1,1,1,1,0,1,1,1,1,1,0
"Elik Farc",Villains IV,168623691,-5,8773070,5289788,3483282,151,-70,309,496,2822145,2467643,211,25,630,5,275,86,132,178,198,1,1,1,1,1,1,0,1,1,1,1,1,1,0,0,1,0,1,1,1,1,1
"Mando Kast",Villains IV,718375237,-5,5443539,3357760,2085779,160,31,41,243,1869295,1476171,82,11,87,0,257,3,31,84,108,1,1,1,1,1,1,0,1,1,0,0,0,0,0,0,0,0,1,1,1,0,0
"Markus Steel",Villains IV,795454584,-4,8060191,4776585,3283606,145,-25,110,470,2586534,2164250,159,9,542,4,285,77,107,164,175,1,1,1,1,1,1,1,1,1,0,1,0,1,1,0,1,0,1,1,1,1,1
"Jayskywalker",Villains IV,924277357,-6,6016206,3488220,2527986,137,99,70,355,2007153,1481067,130,2,310,1,219,44,65,87,115,1,1,1,1,1,1,0,1,1,1,0,0,0,0,0,0,0,1,1,1,1,1
"QuinWindu",Villains IV,979638921,-5,5239965,3121153,2118812,147,226,43,406,1889444,1222834,15,2,309,0,194,45,61,90,103,1,1,0,1,1,1,0,1,0,0,0,0,0,0,0,0,0,0,1,0,1,0
"Dori Solman",Villains IV,811119319,4,4860811,2899520,1961291,147,-84,36,212,1531089,1358512,57,10,57,0,170,9,10,82,130,1,0,0,1,1,1,0,1,0,0,0,0,0,0,0,0,0,0,1,0,0,0
"Al",Villains IV,466667415,9,8906517,5233448,3673069,142,-57,140,424,2804159,2421860,227,11,460,3,269,54,114,172,188,1,1,1,1,1,1,1,1,1,0,1,1,1,0,0,0,0,1,1,1,1,1
"Leviathan482",Villains IV,656451624,-4,5565505,3661499,1904006,192,302,168,544,2291050,1369773,116,8,480,5,194,63,97,110,121,1,0,0,1,1,1,1,1,1,1,1,0,1,1,0,0,1,1,1,0,1,1
"Dragon Reborn",Villains IV,396934542,-4,6886121,3718559,3167562,117,110,94,420,2146206,1564360,91,14,412,2,226,57,88,119,136,1,1,1,1,1,1,0,1,1,1,1,0,0,0,0,0,0,0,1,1,1,1
"Project Chaos",Villains IV,868478861,-4,7245125,4151371,3093754,134,116,157,399,2407152,1744219,144,9,433,1,234,68,82,121,150,1,1,1,1,1,1,1,1,1,1,0,0,0,0,0,0,0,1,1,1,1,1
"The Lone LothWolf",Villains IV,869485771,-1,8089603,4496058,3593545,125,32,114,394,2505826,1976756,77,9,464,1,294,62,100,126,157,1,1,1,1,1,1,0,1,1,0,1,0,0,0,0,0,0,0,1,1,1,1
"W1nning 101",Villains IV,385456932,-5,6560547,3939877,2620670,150,-93,118,390,2077949,1859278,134,22,397,1,213,56,73,104,123,1,1,1,1,1,1,0,1,1,0,0,1,0,0,0,0,0,1,1,1,0,0
"JHall",Villains IV,774949483,-5,7240843,4461073,2779770,160,88,146,488,2555518,1905555,140,9,552,4,253,84,108,135,159,1,1,1,1,1,1,0,1,1,0,0,0,1,1,0,1,1,1,1,1,1,1
"TinyToebeans",Villains IV,182866389,-7,4305850,2323295,1982555,117,39,41,454,1302410,1020434,50,3,244,0,138,31,61,86,92,0,0,0,1,1,1,0,1,1,0,0,0,0,0,0,0,0,0,1,1,1,1
"Tyron Brandt",Villains IV,986763954,8,4635255,2714231,1921024,141,132,22,556,1583917,1130314,20,4,365,1,154,51,84,101,110,1,0,0,1,1,0,0,1,0,1,0,0,0,0,0,0,0,0,1,0,1,1
"Skywolf",Villains IV,829847893,-5,5526412,3135283,2391129,131,195,146,413,1878709,1256574,77,9,328,2,191,47,70,93,106,1,0,0,1,1,0,0,1,0,0,1,0,1,0,0,0,0,1,0,1,1,1
"AhsokaStan",Villains IV,464923238,-4,6704151,4162147,2542004,163,302,385,462,2596840,1551558,173,13,526,5,183,74,96,109,135,1,0,0,1,1,1,1,1,1,1,1,0,0,1,1,0,1,1,1,1,1,1
"Loreck Alfonse",Villains IV,621255138,-4,6907325,3941331,2965994,132,157,266,471,2324097,1616558,178,20,460,3,235,58,112,122,140,1,0,0,1,1,1,1,1,1,0,0,1,1,1,0,0,0,1,1,1,0,0
"Drtic77",Villains IV,956912135,0,6947370,4077041,2870329,142,107,225,306,2345402,1715258,123,8,201,0,252,33,45,128,163,1,1,1,1,1,0,0,1,1,0,0,0,0,0,0,0,0,1,1,0,1,1
"sukage",Villains IV,767999233,8,4838446,2943477,1894969,155,-284,238,507,1414236,1529241,116,7,402,4,156,57,73,92,102,1,1,1,1,0,1,0,1,1,0,1,1,0,1,1,0,0,0,1,0,0,1
"Tupacca",Villains IV,914194863,-2,3988071,2468817,1519254,162,111,73,236,1427980,1040837,50,3,76,0,170,3,21,58,74,1,1,1,1,1,0,0,1,1,0,0,0,0,0,0,0,0,0,0,0,0,0
"WhatAboutBob",Villains IV,697967688,12,6785650,4200141,2585509,162,182,93,360,2502724,1696730,139,11,277,1,212,32,66,123,143,1,1,1,1,1,1,0,1,1,0,0,0,0,1,0,0,0,1,1,0,1,0
"Mogar",Villains IV,867575854,-7,7674551,4493347,3181204,141,-44,266,409,2425666,2067005,168,8,451,4,259,57,90,134,160,1,1,1,1,1,1,1,1,1,0,0,1,1,1,0,1,0,1,1,1,1,1
"Fitzdorf",Villains IV,972276584,-6,6829423,4213569,2615854,161,46,84,406,2366118,1841736,123,16,332,2,213,34,86,125,140,1,1,1,1,1,1,0,1,1,0,0,1,0,1,0,0,0,1,1,1,0,1
"FireEmtTV",Villains IV,749668594,-5,5113383,2981791,2131592,139,92,36,454,1711218,1270573,61,7,316,1,201,42,73,96,109,1,1,1,1,0,1,0,1,0,0,1,0,0,0,0,0,0,0,1,1,1,1
"jinnergy",Villains IV,594398812,9,6198922,3870379,2328543,166,-163,177,363,1975947,1894432,132,11,326,2,228,46,64,96,129,1,1,1,1,1,1,0,1,1,0,0,1,0,0,1,0,0,0,1,0,0,1
"Blibo26",Villains IV,459335924,-5,5767247,3297124,2470123,133,-291,57,401,1578488,1717949,96,13,352,2,200,52,70,91,110,1,1,1,1,1,1,0,1,1,0,1,1,0,0,0,0,0,1,1,1,0,1
"Utinni",Villains IV,257396786,-4,4789856,2947263,1842593,159,94,278,424,1692253,1255010,97,2,292,2,167,38,64,81,104,1,1,1,1,1,1,0,1,1,0,0,1,1,0,0,0,0,1,1,1,0,0
"Ren Gundo",Villains IV,839518948,-5,6863368,4035578,2827790,142,39,50,331,2260856,1772072,108,11,224,2,273,25,51,132,153,1,1,1,1,1,1,0,1,1,0,1,0,1,0,0,0,0,1,1,1,1,1
"Quí Gón Jöhn",Villains IV,779144898,-2,4558705,2705302,1853403,145,-191,83,161,1361980,1343322,64,7,109,0,197,18,19,33,69,1,1,1,1,1,0,0,1,0,0,0,0,0,0,0,0,0,0,0,0,0,0
"Agent P",Villains IV,945464958,-7,9754734,5902250,3852484,153,22,251,471,3266536,2603238,239,18,702,5,313,99,135,185,211,1,1,1,1,1,1,1,1,1,0,1,0,1,1,0,1,1,1,1,1,1,1
"Bard1313",Villains V,184799421,-7,7499384,4491431,3007953,149,39,205,281,2517108,1971662,158,10,300,2,298,41,62,89,138,1,1,1,1,1,1,0,1,1,0,0,0,1,0,0,1,0,1,1,1,1,1
"Sirskywalker",Villains V,335998436,0,2150961,1337585,813376,164,80,25,135,763495,574090,13,2,16,0,111,0,6,20,50,1,1,0,1,1,0,0,1,0,0,0,0,0,0,0,0,0,0,0,0,0,0
"BENFIWARS",Villains V,519978156,1,2442415,1535544,906871,169,206,26,178,924252,611292,27,5,33,0,104,6,6,31,56,0,0,0,1,1,0,0,1,0,0,0,0,0,0,0,0,0,0,0,0,0,0
"Romano",Villains V,325633384,0,2596478,1444584,1151894,125,260,16,301,889001,555583,18,0,66,0,115,10,20,45,54,1,1,0,1,1,0,0,1,0,0,0,0,0,0,0,0,0,0,0,0,0,0
"goldboy",Villains V,546899719,3,3056511,1768208,1288303,137,-99,9,282,928570,836130,21,3,111,1,114,12,27,37,52,1,1,0,1,1,0,0,1,0,0,1,0,0,0,0,0,0,0,0,0,0,1
"Sal",Villains V,785353312,0,4381756,2721597,1660159,163,177,60,233,1618813,1102108,68,10,92,0,189,11,22,62,95,1,1,1,1,1,0,0,1,0,0,0,0,0,0,0,0,0,1,0,0,0,0
"Yoda76",Villains V,447145154,8,6780307,3937624,2842683,138,-104,144,476,2067486,1870138,146,11,441,1,216,45,99,136,154,1,1,1,1,1,1,0,1,1,0,1,0,0,0,0,0,0,1,1,1,0,1
"MukiavelicK",Villains V,867853565,0,1597196,1033191,564005,183,-307,73,214,490277,542238,15,1,31,0,45,3,8,20,31,0,1,0,1,1,1,0,1,0,0,0,0,0,0,0,0,0,0,0,0,0,0
"Rei do Vinho",Villains V,877425459,1,1570557,1082692,487865,221,0,7,189,596282,486410,15,2,14,0,73,2,3,24,43,0,0,0,1,1,0,0,0,0,0,0,0,0,0,0,0,0,0,0,0,0,0
"MNSTPPT",Villains V,511577167,1,2523024,1542490,980534,157,-135,85,121,797852,744638,20,4,28,0,69,4,5,20,39,1,0,0,1,1,0,0,0,0,0,0,0,0,0,0,0,0,0,0,0,0,0
"PAM001",Villains V,988613127,1,5449159,2956653,2492506,118,184,37,125,1762651,1192153,79,3,63,0,207,9,10,46,89,1,0,0,1,0,1,0,1,0,0,0,0,0,0,0,0,0,0,0,0,1,1
"atuamae aossaltos",Villains V,856814595,1,3972168,2387413,1584755,150,243,10,128,1456831,927104,33,4,20,0,195,1,6,41,77,1,0,0,1,1,0,0,1,0,0,0,0,0,0,0,0,0,0,0,0,0,0
"Rafiti",Villains V,726437563,2,5713101,3528916,2184185,161,6,255,519,1949733,1579183,117,8,409,0,189,51,93,122,140,1,0,0,1,1,1,0,1,0,0,0,0,0,0,0,0,0,0,0,0,0,0
"Bobenjo",Villains V,134342997,1,133875,107445,26430,406,-167,0,0,54764,52681,0,0,0,0,1,0,0,0,0,0,0,0,0,0,0,0,0,0,0,0,0,0,0,0,0,0,0,0,0,0,0
"Remus-Qui Spiuar",Villains V,148289587,1,2363349,1572911,790438,198,94,33,128,894644,662889,15,4,17,0,61,2,5,22,43,0,0,0,1,0,0,0,1,0,0,0,0,0,0,0,0,0,0,0,0,0,0
"Noxid",Villains V,941899616,7,3862542,2263898,1598644,141,-115,14,648,1182442,1081456,13,1,368,1,135,49,87,90,90,0,0,0,1,1,0,0,1,0,0,1,0,0,0,0,0,0,0,1,0,1,1
"Gulik Stark",Villains V,788916555,0,936932,520188,416744,124,-16,15,74,284493,235695,2,0,5,0,29,0,2,4,14,0,0,0,0,0,0,0,0,0,0,0,0,0,0,0,0,0,0,0,0,0,0
"Zé",Villains V,622862641,0,1814444,1159526,654918,177,166,41,62,678915,466642,7,2,7,0,73,1,2,8,30,0,0,0,1,0,0,0,0,0,0,0,0,0,0,0,0,0,0,0,0,0,0
"raven85pt",Villains V,827674487,8,392931,285270,107661,264,464,0,0,189966,95304,0,0,0,0,0,0,0,0,0,0,0,0,0,0,0,0,0,0,0,0,0,0,0,0,0,0,0,0,0,0,0
"Siul Sid",Villains V,362514625,0,4669686,2816280,1853406,151,-4,29,286,1548622,1267658,98,0,110,0,181,8,45,67,100,1,1,1,1,1,1,0,1,1,0,0,0,0,0,0,0,0,0,0,1,0,1
"NiVeLaDoR",Villains V,211316321,1,265054,184335,80719,228,587,0,0,128334,56001,0,0,0,0,4,0,0,0,0,0,0,0,0,0,0,0,0,0,0,0,0,0,0,0,0,0,0,0,0,0,0
"Trufra Cadav",Villains V,529144446,1,1392796,925804,466992,198,197,10,77,534809,353830,7,0,9,0,64,1,1,8,23,0,0,0,0,0,0,0,0,0,0,0,0,0,0,0,0,0,0,0,0,0,0
"Sherveen Muschifurche",Villains V,954444443,1,2413411,1550152,863259,179,37,64,68,868435,681717,27,0,8,0,113,1,2,13,34,1,1,1,1,1,0,0,1,0,0,0,0,0,0,0,0,0,0,0,0,0,0
"Ricklav",Villains V,453915624,1,3829477,2316928,1512549,153,-65,10,262,1238878,1078050,18,1,118,0,142,8,33,44,79,0,0,0,1,1,0,0,1,0,0,0,0,0,0,0,0,0,0,1,0,0,0
"Hunabo Taduro",Villains V,143746281,0,1696222,1071465,624757,171,317,29,84,674392,397073,10,0,12,0,49,2,2,10,18,0,0,0,0,0,0,0,1,0,0,0,0,0,0,0,0,0,0,0,0,0,0
"Wicked",Villains VII,862655434,-10,6993625,4110101,2883524,142,-20,338,395,2243801,1866300,131,0,384,3,247,48,76,124,157,1,1,1,1,1,1,1,1,1,0,1,1,1,0,0,0,0,1,1,1,1,1
"Delmon Ciiid'r",Villains VII,186754833,-6,5642,5642,0,100,236,0,0,3482,2160,0,0,0,0,0,0,0,0,0,0,0,0,0,0,0,0,0,0,0,0,0,0,0,0,0,0,0,0,0,0,0
"DarthWicked",Villains VII,754964832,-4,673900,342188,331712,103,-217,23,80,170116,172072,4,0,2,0,24,0,1,4,6,0,0,0,1,1,0,0,0,0,0,0,0,0,0,0,0,0,0,0,0,0,0
"DarthVillain",Villains VII,936424248,-8,352403,204325,148078,137,-290,0,0,97868,106457,0,0,0,0,8,0,0,0,0,0,0,0,0,0,0,0,0,0,0,0,0,0,0,0,0,0,0,0,0,0,0
"Stormpoke",Villains VII,174391557,10,485787,284794,200993,141,-459,28,0,124516,160278,0,0,0,0,15,0,0,0,3,0,0,0,0,0,0,0,0,0,0,0,0,0,0,0,0,0,0,0,0,0,0
"Painzer",Villains VII,665383812,-3,1550099,1016212,533887,190,498,23,83,685181,331031,6,0,5,0,73,0,3,9,22,0,0,0,1,1,0,0,0,0,0,0,0,0,0,0,0,0,0,0,0,0,0
"TheSenate",Villains VII,299282752,-7,6111,6111,0,100,273,0,0,3810,2301,0,0,0,0,0,0,0,0,0,0,0,0,0,0,0,0,0,0,0,0,0,0,0,0,0,0,0,0,0,0,0
"DarthDavoo",Villains VII,214358132,1,28156,23551,4605,511,595,0,0,16391,7160,0,0,0,0,0,0,0,0,0,0,0,0,0,0,0,0,0,0,0,0,0,0,0,0,0,0,0,0,0,0,0
"scampbll",Villains VII,479523636,-8,5455931,3097737,2358194,131,32,224,189,1731607,1366130,84,0,83,0,191,3,20,67,102,1,1,1,1,1,1,0,1,0,0,0,0,0,0,0,0,0,0,1,0,1,1
"Bates121",Villains VII,999729325,-8,5976030,3406829,2569201,132,12,169,220,1887603,1519226,116,0,165,0,230,21,34,65,122,1,1,1,1,1,1,0,1,1,0,0,0,0,0,0,0,0,0,1,1,1,1
